{"is_source_file": true, "format": "Python", "description": "This file defines Pydantic models for a Notes API, including data schemas for creating, updating, and retrieving notes, as well as wrappers for listing and searching notes.", "external_files": ["pydantic"], "external_methods": [], "published": ["NoteBase", "NoteCreate", "NoteUpdate", "Note", "NotesList", "SearchResults"], "classes": [{"name": "NoteBase", "description": "Common fields shared by Note create/update payloads."}, {"name": "NoteCreate", "description": "Payload class for creating a new note, inherits from NoteBase."}, {"name": "NoteUpdate", "description": "Payload class for updating a note with optional fields."}, {"name": "Note", "description": "Represents a note as returned by the API, includes metadata."}, {"name": "NotesList", "description": "Wrapper class for a list of notes."}, {"name": "SearchResults", "description": "Wrapper class for search results including query and matched notes."}], "methods": [], "calls": [], "search-terms": ["Pydantic", "Notes API models", "NoteCreate", "NoteUpdate", "NotesList", "SearchResults"], "state": 2, "file_id": 6, "knowledge_revision": 16, "git_revision": "", "ctags": [{"_type": "tag", "name": "Note", "path": "/home/kavia/workspace/code-generation/simple-notes-app-311560-311569/notes_backend/src/api/models.py", "pattern": "/^class Note(NoteBase):$/", "language": "Python", "kind": "class"}, {"_type": "tag", "name": "NoteBase", "path": "/home/kavia/workspace/code-generation/simple-notes-app-311560-311569/notes_backend/src/api/models.py", "pattern": "/^class NoteBase(BaseModel):$/", "language": "Python", "kind": "class"}, {"_type": "tag", "name": "NoteCreate", "path": "/home/kavia/workspace/code-generation/simple-notes-app-311560-311569/notes_backend/src/api/models.py", "pattern": "/^class NoteCreate(NoteBase):$/", "language": "Python", "kind": "class"}, {"_type": "tag", "name": "NoteUpdate", "path": "/home/kavia/workspace/code-generation/simple-notes-app-311560-311569/notes_backend/src/api/models.py", "pattern": "/^class NoteUpdate(BaseModel):$/", "language": "Python", "kind": "class"}, {"_type": "tag", "name": "NotesList", "path": "/home/kavia/workspace/code-generation/simple-notes-app-311560-311569/notes_backend/src/api/models.py", "pattern": "/^class NotesList(BaseModel):$/", "language": "Python", "kind": "class"}, {"_type": "tag", "name": "SearchResults", "path": "/home/kavia/workspace/code-generation/simple-notes-app-311560-311569/notes_backend/src/api/models.py", "pattern": "/^class SearchResults(BaseModel):$/", "language": "Python", "kind": "class"}, {"_type": "tag", "name": "content", "path": "/home/kavia/workspace/code-generation/simple-notes-app-311560-311569/notes_backend/src/api/models.py", "pattern": "/^    content: Optional[str] = Field($/", "language": "Python", "typeref": "typename:Optional[str]", "kind": "variable", "scope": "NoteUpdate", "scopeKind": "class"}, {"_type": "tag", "name": "content", "path": "/home/kavia/workspace/code-generation/simple-notes-app-311560-311569/notes_backend/src/api/models.py", "pattern": "/^    content: str = Field($/", "language": "Python", "typeref": "typename:str", "kind": "variable", "scope": "NoteBase", "scopeKind": "class"}, {"_type": "tag", "name": "created_at", "path": "/home/kavia/workspace/code-generation/simple-notes-app-311560-311569/notes_backend/src/api/models.py", "pattern": "/^    created_at: str = Field($/", "language": "Python", "typeref": "typename:str", "kind": "variable", "scope": "Note", "scopeKind": "class"}, {"_type": "tag", "name": "id", "path": "/home/kavia/workspace/code-generation/simple-notes-app-311560-311569/notes_backend/src/api/models.py", "pattern": "/^    id: int = Field(..., description=\"Note unique identifier.\", examples=[1])$/", "language": "Python", "typeref": "typename:int", "kind": "variable", "scope": "Note", "scopeKind": "class"}, {"_type": "tag", "name": "items", "path": "/home/kavia/workspace/code-generation/simple-notes-app-311560-311569/notes_backend/src/api/models.py", "pattern": "/^    items: list[Note] = Field(..., description=\"Matched notes.\")$/", "language": "Python", "typeref": "typename:list[Note]", "kind": "variable", "scope": "SearchResults", "scopeKind": "class"}, {"_type": "tag", "name": "items", "path": "/home/kavia/workspace/code-generation/simple-notes-app-311560-311569/notes_backend/src/api/models.py", "pattern": "/^    items: list[Note] = Field(..., description=\"Notes ordered by updated_at desc.\")$/", "language": "Python", "typeref": "typename:list[Note]", "kind": "variable", "scope": "NotesList", "scopeKind": "class"}, {"_type": "tag", "name": "q", "path": "/home/kavia/workspace/code-generation/simple-notes-app-311560-311569/notes_backend/src/api/models.py", "pattern": "/^    q: str = Field(..., description=\"Original search query string.\")$/", "language": "Python", "typeref": "typename:str", "kind": "variable", "scope": "SearchResults", "scopeKind": "class"}, {"_type": "tag", "name": "title", "path": "/home/kavia/workspace/code-generation/simple-notes-app-311560-311569/notes_backend/src/api/models.py", "pattern": "/^    title: Optional[str] = Field($/", "language": "Python", "typeref": "typename:Optional[str]", "kind": "variable", "scope": "NoteUpdate", "scopeKind": "class"}, {"_type": "tag", "name": "title", "path": "/home/kavia/workspace/code-generation/simple-notes-app-311560-311569/notes_backend/src/api/models.py", "pattern": "/^    title: str = Field($/", "language": "Python", "typeref": "typename:str", "kind": "variable", "scope": "NoteBase", "scopeKind": "class"}, {"_type": "tag", "name": "total", "path": "/home/kavia/workspace/code-generation/simple-notes-app-311560-311569/notes_backend/src/api/models.py", "pattern": "/^    total: int = Field(..., ge=0, description=\"Number of matched notes.\")$/", "language": "Python", "typeref": "typename:int", "kind": "variable", "scope": "SearchResults", "scopeKind": "class"}, {"_type": "tag", "name": "updated_at", "path": "/home/kavia/workspace/code-generation/simple-notes-app-311560-311569/notes_backend/src/api/models.py", "pattern": "/^    updated_at: str = Field($/", "language": "Python", "typeref": "typename:str", "kind": "variable", "scope": "Note", "scopeKind": "class"}], "hash": "f9283c9dcec4f87ea95f87d5c2a4c0bd", "format-version": 4, "code-base-name": "notes_backend", "filename": "notes_backend/src/api/models.py", "fields": [{"name": "Optional[str] content", "scope": "NoteUpdate", "scopeKind": "class", "description": "unavailable"}, {"name": "str content", "scope": "NoteBase", "scopeKind": "class", "description": "unavailable"}, {"name": "str created_at", "scope": "Note", "scopeKind": "class", "description": "unavailable"}, {"name": "int id", "scope": "Note", "scopeKind": "class", "description": "unavailable"}, {"name": "list[Note] items", "scope": "SearchResults", "scopeKind": "class", "description": "unavailable"}, {"name": "str q", "scope": "SearchResults", "scopeKind": "class", "description": "unavailable"}, {"name": "Optional[str] title", "scope": "NoteUpdate", "scopeKind": "class", "description": "unavailable"}, {"name": "str title", "scope": "NoteBase", "scopeKind": "class", "description": "unavailable"}, {"name": "int total", "scope": "SearchResults", "scopeKind": "class", "description": "unavailable"}, {"name": "str updated_at", "scope": "Note", "scopeKind": "class", "description": "unavailable"}], "revision_history": [{"16": ""}]}