{"is_source_file": true, "format": "Python", "description": "This file defines API routes for a Notes CRUD application using FastAPI. It includes endpoints for listing, retrieving, creating, updating, deleting, and searching notes, with associated data models and database interactions.", "external_files": ["src.api.db", "src.api.models"], "external_methods": ["fetch_note", "get_connection", "now_iso"], "published": ["router"], "classes": [], "methods": [{"name": "NotesList list_notes()", "description": "Lists all notes ordered by most recent update.", "scope": "", "scopeKind": ""}, {"name": "Note get_note(note_id: int)", "description": "Fetches a single note by its ID.", "scope": "", "scopeKind": ""}, {"name": "Note create_note(payload: NoteCreate)", "description": "Creates a new note with provided title and content.", "scope": "", "scopeKind": ""}, {"name": "Note update_note(note_id: int, payload: NoteUpdate)", "description": "Updates an existing note's title and/or content.", "scope": "", "scopeKind": ""}, {"name": "None delete_note(note_id: int)", "description": "Deletes a note by its ID.", "scope": "", "scopeKind": ""}, {"name": "SearchResults search_notes( q: str = Query( ..., min_length=1, max_length=200, description=\"Search query string.\", examples=[\"grocery\"], ), limit: int = Query( 50, ge=1, le=200, description=\"Maximum number of results to return.\" ), )", "description": "Searches notes by a query string in title or content.", "scope": "", "scopeKind": ""}], "calls": ["get_connection", "fetch_note", "now_iso", "conn.execute", "conn.commit"], "search-terms": ["FastAPI", "notes CRUD", "search notes", "API routes", "NotesList", "SearchResults", "notes"], "state": 2, "file_id": 7, "knowledge_revision": 17, "git_revision": "", "ctags": [{"_type": "tag", "name": "create_note", "path": "/home/kavia/workspace/code-generation/simple-notes-app-311560-311569/notes_backend/src/api/routes.py", "pattern": "/^def create_note(payload: NoteCreate) -> Note:$/", "language": "Python", "typeref": "typename:Note", "kind": "function", "signature": "(payload: NoteCreate)"}, {"_type": "tag", "name": "delete_note", "path": "/home/kavia/workspace/code-generation/simple-notes-app-311560-311569/notes_backend/src/api/routes.py", "pattern": "/^def delete_note(note_id: int) -> None:$/", "language": "Python", "typeref": "typename:None", "kind": "function", "signature": "(note_id: int)"}, {"_type": "tag", "name": "get_note", "path": "/home/kavia/workspace/code-generation/simple-notes-app-311560-311569/notes_backend/src/api/routes.py", "pattern": "/^def get_note(note_id: int) -> Note:$/", "language": "Python", "typeref": "typename:Note", "kind": "function", "signature": "(note_id: int)"}, {"_type": "tag", "name": "list_notes", "path": "/home/kavia/workspace/code-generation/simple-notes-app-311560-311569/notes_backend/src/api/routes.py", "pattern": "/^def list_notes() -> NotesList:$/", "language": "Python", "typeref": "typename:NotesList", "kind": "function", "signature": "()"}, {"_type": "tag", "name": "router", "path": "/home/kavia/workspace/code-generation/simple-notes-app-311560-311569/notes_backend/src/api/routes.py", "pattern": "/^router = APIRouter(tags=[\"notes\"])$/", "language": "Python", "kind": "variable"}, {"_type": "tag", "name": "search_notes", "path": "/home/kavia/workspace/code-generation/simple-notes-app-311560-311569/notes_backend/src/api/routes.py", "pattern": "/^def search_notes($/", "language": "Python", "typeref": "typename:SearchResults", "kind": "function", "signature": "( q: str = Query( ..., min_length=1, max_length=200, description=\"Search query string.\", examples=[\"grocery\"], ), limit: int = Query( 50, ge=1, le=200, description=\"Maximum number of results to return.\" ), )"}, {"_type": "tag", "name": "update_note", "path": "/home/kavia/workspace/code-generation/simple-notes-app-311560-311569/notes_backend/src/api/routes.py", "pattern": "/^def update_note(note_id: int, payload: NoteUpdate) -> Note:$/", "language": "Python", "typeref": "typename:Note", "kind": "function", "signature": "(note_id: int, payload: NoteUpdate)"}], "hash": "d43b92323c5fceba5aca03b2340d6398", "format-version": 4, "code-base-name": "notes_backend", "filename": "notes_backend/src/api/routes.py", "fields": [{"name": "router = APIRouter(tags=[\"notes\"])", "scope": "", "scopeKind": "", "description": "unavailable"}], "revision_history": [{"17": ""}]}