{"is_source_file": true, "format": "Python", "description": "Initialization module for the API package in the notes backend, serving as an entry point for the API package.", "external_files": [], "external_methods": [], "published": [], "classes": [], "methods": [], "calls": [], "search-terms": ["api", "notes_backend", "init", "__init__.py", "package"], "state": 2, "file_id": 2, "knowledge_revision": 14, "git_revision": "d5ceb6423e4b4d98fb989d999328c22e13cd2f33", "revision_history": [{"7": "d5ceb6423e4b4d98fb989d999328c22e13cd2f33"}, {"14": "d5ceb6423e4b4d98fb989d999328c22e13cd2f33"}], "ctags": [], "hash": "75205b671adb3b5569aef16a5c931abc", "format-version": 4, "code-base-name": "notes_backend", "filename": "notes_backend/src/api/__init__.py"}