{"is_source_file": true, "format": "Python", "description": "Contains Pydantic models for the Notes API, including data schemas for notes, payloads for create/update, and search results.", "external_files": ["pydantic"], "external_methods": [], "published": ["NoteBase", "NoteCreate", "NoteUpdate", "Note", "NotesList", "SearchResults"], "classes": [{"name": "NoteBase", "description": "Common fields shared by Note create/update payloads."}, {"name": "NoteCreate", "description": "Payload for creating a note."}, {"name": "NoteUpdate", "description": "Payload for updating a note (partial updates allowed)."}, {"name": "Note", "description": "Note as returned by the API, including identifier and timestamps."}, {"name": "NotesList", "description": "Wrapper for listing notes."}, {"name": "SearchResults", "description": "Wrapper for search results containing the query, matched notes, and total count."}], "methods": [], "calls": [], "search-terms": ["pydantic", "models", "notes", "API", "NoteBase", "NoteCreate", "NoteUpdate", "Note", "NotesList", "SearchResults"], "state": 2, "file_id": 6, "knowledge_revision": 18, "git_revision": "379375cea142a5c0dd84b4fab15c13d64b254c44", "revision_history": [{"16": ""}, {"18": "379375cea142a5c0dd84b4fab15c13d64b254c44"}], "ctags": [{"_type": "tag", "name": "Note", "path": "/home/kavia/workspace/code-generation/simple-notes-app-311560-311569/notes_backend/src/api/models.py", "pattern": "/^class Note(NoteBase):$/", "language": "Python", "kind": "class"}, {"_type": "tag", "name": "NoteBase", "path": "/home/kavia/workspace/code-generation/simple-notes-app-311560-311569/notes_backend/src/api/models.py", "pattern": "/^class NoteBase(BaseModel):$/", "language": "Python", "kind": "class"}, {"_type": "tag", "name": "NoteCreate", "path": "/home/kavia/workspace/code-generation/simple-notes-app-311560-311569/notes_backend/src/api/models.py", "pattern": "/^class NoteCreate(NoteBase):$/", "language": "Python", "kind": "class"}, {"_type": "tag", "name": "NoteUpdate", "path": "/home/kavia/workspace/code-generation/simple-notes-app-311560-311569/notes_backend/src/api/models.py", "pattern": "/^class NoteUpdate(BaseModel):$/", "language": "Python", "kind": "class"}, {"_type": "tag", "name": "NotesList", "path": "/home/kavia/workspace/code-generation/simple-notes-app-311560-311569/notes_backend/src/api/models.py", "pattern": "/^class NotesList(BaseModel):$/", "language": "Python", "kind": "class"}, {"_type": "tag", "name": "SearchResults", "path": "/home/kavia/workspace/code-generation/simple-notes-app-311560-311569/notes_backend/src/api/models.py", "pattern": "/^class SearchResults(BaseModel):$/", "language": "Python", "kind": "class"}, {"_type": "tag", "name": "content", "path": "/home/kavia/workspace/code-generation/simple-notes-app-311560-311569/notes_backend/src/api/models.py", "pattern": "/^    content: Optional[str] = Field($/", "language": "Python", "typeref": "typename:Optional[str]", "kind": "variable", "scope": "NoteUpdate", "scopeKind": "class"}, {"_type": "tag", "name": "content", "path": "/home/kavia/workspace/code-generation/simple-notes-app-311560-311569/notes_backend/src/api/models.py", "pattern": "/^    content: str = Field($/", "language": "Python", "typeref": "typename:str", "kind": "variable", "scope": "NoteBase", "scopeKind": "class"}, {"_type": "tag", "name": "created_at", "path": "/home/kavia/workspace/code-generation/simple-notes-app-311560-311569/notes_backend/src/api/models.py", "pattern": "/^    created_at: str = Field($/", "language": "Python", "typeref": "typename:str", "kind": "variable", "scope": "Note", "scopeKind": "class"}, {"_type": "tag", "name": "id", "path": "/home/kavia/workspace/code-generation/simple-notes-app-311560-311569/notes_backend/src/api/models.py", "pattern": "/^    id: int = Field(..., description=\"Note unique identifier.\", examples=[1])$/", "language": "Python", "typeref": "typename:int", "kind": "variable", "scope": "Note", "scopeKind": "class"}, {"_type": "tag", "name": "items", "path": "/home/kavia/workspace/code-generation/simple-notes-app-311560-311569/notes_backend/src/api/models.py", "pattern": "/^    items: list[Note] = Field(..., description=\"Matched notes.\")$/", "language": "Python", "typeref": "typename:list[Note]", "kind": "variable", "scope": "SearchResults", "scopeKind": "class"}, {"_type": "tag", "name": "items", "path": "/home/kavia/workspace/code-generation/simple-notes-app-311560-311569/notes_backend/src/api/models.py", "pattern": "/^    items: list[Note] = Field(..., description=\"Notes ordered by updated_at desc.\")$/", "language": "Python", "typeref": "typename:list[Note]", "kind": "variable", "scope": "NotesList", "scopeKind": "class"}, {"_type": "tag", "name": "q", "path": "/home/kavia/workspace/code-generation/simple-notes-app-311560-311569/notes_backend/src/api/models.py", "pattern": "/^    q: str = Field(..., description=\"Original search query string.\")$/", "language": "Python", "typeref": "typename:str", "kind": "variable", "scope": "SearchResults", "scopeKind": "class"}, {"_type": "tag", "name": "title", "path": "/home/kavia/workspace/code-generation/simple-notes-app-311560-311569/notes_backend/src/api/models.py", "pattern": "/^    title: Optional[str] = Field($/", "language": "Python", "typeref": "typename:Optional[str]", "kind": "variable", "scope": "NoteUpdate", "scopeKind": "class"}, {"_type": "tag", "name": "title", "path": "/home/kavia/workspace/code-generation/simple-notes-app-311560-311569/notes_backend/src/api/models.py", "pattern": "/^    title: str = Field($/", "language": "Python", "typeref": "typename:str", "kind": "variable", "scope": "NoteBase", "scopeKind": "class"}, {"_type": "tag", "name": "total", "path": "/home/kavia/workspace/code-generation/simple-notes-app-311560-311569/notes_backend/src/api/models.py", "pattern": "/^    total: int = Field(..., ge=0, description=\"Number of matched notes.\")$/", "language": "Python", "typeref": "typename:int", "kind": "variable", "scope": "SearchResults", "scopeKind": "class"}, {"_type": "tag", "name": "updated_at", "path": "/home/kavia/workspace/code-generation/simple-notes-app-311560-311569/notes_backend/src/api/models.py", "pattern": "/^    updated_at: str = Field($/", "language": "Python", "typeref": "typename:str", "kind": "variable", "scope": "Note", "scopeKind": "class"}], "hash": "8003b03971e663abce9f7ed132c70879", "format-version": 4, "code-base-name": "notes_backend", "filename": "notes_backend/src/api/models.py", "fields": [{"name": "Optional[str] content", "scope": "NoteUpdate", "scopeKind": "class", "description": "unavailable"}, {"name": "str content", "scope": "NoteBase", "scopeKind": "class", "description": "unavailable"}, {"name": "str created_at", "scope": "Note", "scopeKind": "class", "description": "unavailable"}, {"name": "int id", "scope": "Note", "scopeKind": "class", "description": "unavailable"}, {"name": "list[Note] items", "scope": "SearchResults", "scopeKind": "class", "description": "unavailable"}, {"name": "str q", "scope": "SearchResults", "scopeKind": "class", "description": "unavailable"}, {"name": "Optional[str] title", "scope": "NoteUpdate", "scopeKind": "class", "description": "unavailable"}, {"name": "str title", "scope": "NoteBase", "scopeKind": "class", "description": "unavailable"}, {"name": "int total", "scope": "SearchResults", "scopeKind": "class", "description": "unavailable"}, {"name": "str updated_at", "scope": "Note", "scopeKind": "class", "description": "unavailable"}]}