{"is_source_file": true, "format": "Python", "description": "This is the main entry point for a FastAPI application that provides REST endpoints for managing notes, including CRUD and search functionalities, with SQLite persistence. It sets up the application, middleware, and routes, and includes a health check endpoint.", "external_files": ["src.api.db", "src.api.routes"], "external_methods": ["init_db"], "published": ["app"], "classes": [], "methods": [{"name": "None _on_startup()", "description": "Initializes the database schema on application startup.", "scope": "", "scopeKind": ""}, {"name": "dict health_check()", "description": "Provides a health check endpoint returning a simple status message.", "scope": "", "scopeKind": ""}], "calls": ["init_db", "app.add_middleware", "app.include_router", "app.get"], "search-terms": ["FastAPI", "notes backend API", "SQLite persistence", "REST endpoints", "health check", "CORS", "notes_router"], "state": 2, "file_id": 3, "knowledge_revision": 13, "git_revision": "d5ceb6423e4b4d98fb989d999328c22e13cd2f33", "revision_history": [{"9": "d5ceb6423e4b4d98fb989d999328c22e13cd2f33"}, {"13": "d5ceb6423e4b4d98fb989d999328c22e13cd2f33"}], "ctags": [{"_type": "tag", "name": "_on_startup", "path": "/home/kavia/workspace/code-generation/simple-notes-app-311560-311569/notes_backend/src/api/main.py", "pattern": "/^def _on_startup() -> None:$/", "language": "Python", "typeref": "typename:None", "kind": "function", "signature": "()"}, {"_type": "tag", "name": "app", "path": "/home/kavia/workspace/code-generation/simple-notes-app-311560-311569/notes_backend/src/api/main.py", "pattern": "/^app = FastAPI($/", "language": "Python", "kind": "variable"}, {"_type": "tag", "name": "health_check", "path": "/home/kavia/workspace/code-generation/simple-notes-app-311560-311569/notes_backend/src/api/main.py", "pattern": "/^def health_check() -> dict:$/", "language": "Python", "typeref": "typename:dict", "kind": "function", "signature": "()"}, {"_type": "tag", "name": "notes_router", "path": "/home/kavia/workspace/code-generation/simple-notes-app-311560-311569/notes_backend/src/api/main.py", "pattern": "/^from src.api.routes import router as notes_router$/", "language": "Python", "kind": "unknown", "nameref": "unknown:router"}, {"_type": "tag", "name": "openapi_tags", "path": "/home/kavia/workspace/code-generation/simple-notes-app-311560-311569/notes_backend/src/api/main.py", "pattern": "/^openapi_tags = [$/", "language": "Python", "kind": "variable"}], "hash": "279a7edfe83de4a67c3c6d6433b580c8", "format-version": 4, "code-base-name": "notes_backend", "filename": "notes_backend/src/api/main.py", "fields": [{"name": "app = FastAPI(", "scope": "", "scopeKind": "", "description": "unavailable"}, {"name": "openapi_tags = [", "scope": "", "scopeKind": "", "description": "unavailable"}]}