{"is_source_file": true, "format": "Python (FastAPI)", "description": "Defines API routes for CRUD operations and search functionality for notes in a FastAPI application. Implements endpoints for listing, retrieving, creating, updating, deleting, and searching notes, utilizing database connections and models.", "external_files": ["src.api.db", "src.api.models"], "external_methods": ["fetch_note", "get_connection", "now_iso"], "published": ["router"], "classes": [], "methods": [{"name": "NotesList list_notes()", "description": "Lists all notes ordered by most recently updated.", "scope": "", "scopeKind": ""}, {"name": "Note get_note(note_id: int)", "description": "Fetches a single note by its ID.", "scope": "", "scopeKind": ""}, {"name": "Note create_note(payload: NoteCreate)", "description": "Creates a new note with provided title and content.", "scope": "", "scopeKind": ""}, {"name": "Note update_note(note_id: int, payload: NoteUpdate)", "description": "Updates the title/content of an existing note.", "scope": "", "scopeKind": ""}, {"name": "None delete_note(note_id: int)", "description": "Deletes a note by its ID.", "scope": "", "scopeKind": ""}, {"name": "SearchResults search_notes( q: str = Query( ..., min_length=1, max_length=200, description=\"Search query string.\", examples=[\"grocery\"], ), limit: int = Query( 50, ge=1, le=200, description=\"Maximum number of results to return.\" ), )", "description": "Searches notes by title or content with a case-insensitive substring match.", "scope": "", "scopeKind": ""}], "calls": ["get_connection", "fetch_note", "now_iso", "conn.execute"], "search-terms": ["FastAPI routes", "notes CRUD", "search endpoint", "SQL queries", "note ID", "notes list", "database connection"], "state": 2, "file_id": 7, "knowledge_revision": 19, "git_revision": "379375cea142a5c0dd84b4fab15c13d64b254c44", "revision_history": [{"17": ""}, {"19": "379375cea142a5c0dd84b4fab15c13d64b254c44"}], "ctags": [{"_type": "tag", "name": "create_note", "path": "/home/kavia/workspace/code-generation/simple-notes-app-311560-311569/notes_backend/src/api/routes.py", "pattern": "/^def create_note(payload: NoteCreate) -> Note:$/", "language": "Python", "typeref": "typename:Note", "kind": "function", "signature": "(payload: NoteCreate)"}, {"_type": "tag", "name": "delete_note", "path": "/home/kavia/workspace/code-generation/simple-notes-app-311560-311569/notes_backend/src/api/routes.py", "pattern": "/^def delete_note(note_id: int) -> None:$/", "language": "Python", "typeref": "typename:None", "kind": "function", "signature": "(note_id: int)"}, {"_type": "tag", "name": "get_note", "path": "/home/kavia/workspace/code-generation/simple-notes-app-311560-311569/notes_backend/src/api/routes.py", "pattern": "/^def get_note(note_id: int) -> Note:$/", "language": "Python", "typeref": "typename:Note", "kind": "function", "signature": "(note_id: int)"}, {"_type": "tag", "name": "list_notes", "path": "/home/kavia/workspace/code-generation/simple-notes-app-311560-311569/notes_backend/src/api/routes.py", "pattern": "/^def list_notes() -> NotesList:$/", "language": "Python", "typeref": "typename:NotesList", "kind": "function", "signature": "()"}, {"_type": "tag", "name": "router", "path": "/home/kavia/workspace/code-generation/simple-notes-app-311560-311569/notes_backend/src/api/routes.py", "pattern": "/^router = APIRouter(tags=[\"notes\"])$/", "language": "Python", "kind": "variable"}, {"_type": "tag", "name": "search_notes", "path": "/home/kavia/workspace/code-generation/simple-notes-app-311560-311569/notes_backend/src/api/routes.py", "pattern": "/^def search_notes($/", "language": "Python", "typeref": "typename:SearchResults", "kind": "function", "signature": "( q: str = Query( ..., min_length=1, max_length=200, description=\"Search query string.\", examples=[\"grocery\"], ), limit: int = Query( 50, ge=1, le=200, description=\"Maximum number of results to return.\" ), )"}, {"_type": "tag", "name": "update_note", "path": "/home/kavia/workspace/code-generation/simple-notes-app-311560-311569/notes_backend/src/api/routes.py", "pattern": "/^def update_note(note_id: int, payload: NoteUpdate) -> Note:$/", "language": "Python", "typeref": "typename:Note", "kind": "function", "signature": "(note_id: int, payload: NoteUpdate)"}], "hash": "7b54e66994a032f9e406002ef5800af8", "format-version": 4, "code-base-name": "notes_backend", "filename": "notes_backend/src/api/routes.py", "fields": [{"name": "router = APIRouter(tags=[\"notes\"])", "scope": "", "scopeKind": "", "description": "unavailable"}]}